"BROKEN","EPIC","FAILED","FEATURE","PASSED","SKIPPED","STORY","UNKNOWN"
"2","Webdriver University","0","Contact Us","0","0","Automation Demonstration","0"
"0","","0","","7","0","","0"
"1","Webdriver University","0","Hidden Elements","0","0","Automation Demonstration","0"
"1","Webdriver University","0","Home Page","0","0","Automation Demonstration","0"
"1","Webdriver University","0","Actions","0","0","Automation Demonstration","0"
"1","Webdriver University","0","Pop-Ups and Alerts","0","0","Automation Demonstration","0"
"1","Webdriver University","0","Date Picker","0","0","Automation Demonstration","0"
"1","Webdriver University","0","iFrame","0","0","Automation Demonstration","0"
"1","Webdriver University","0","Data Tables And Button States","0","0","Automation Demonstration","0"
"1","Webdriver University","0","Scrolling Around","0","0","Automation Demonstration","0"
"1","Webdriver University","0","Upload File","0","0","Automation Demonstration","0"
"1","Webdriver University","0","ToDo List","0","0","Automation Demonstration","0"
"1","Webdriver University","0","Dropdowns, Checkboxes, Radio Buttons","0","0","Automation Demonstration","0"
